ProductID,UnitPrice,CostPrice
PROD10001,56,38
PROD10002,353,225
PROD10003,479,337
PROD10004,104,67
PROD10005,443,267
PROD10006,293,218
PROD10007,178,115
PROD10008,142,94
PROD10009,68,44
PROD10010,253,165
PROD10011,186,114
PROD10012,180,113
PROD10013,133,84
PROD10014,317,209
PROD10015,296,185
PROD10016,308,203
PROD10017,134,99
PROD10018,291,190
PROD10019,408,288
PROD10020,297,178
PROD10021,138,84
PROD10022,451,319
PROD10023,430,283
PROD10024,427,287
PROD10025,420,277
PROD10026,298,219
PROD10027,94,66
PROD10028,384,261
PROD10029,154,99
PROD10030,166,113
PROD10031,400,294
PROD10032,182,121
PROD10033,425,282
PROD10034,146,98
PROD10035,285,187
PROD10036,224,155
PROD10037,335,249
PROD10038,447,290
PROD10039,422,286
PROD10040,161,113
PROD10041,207,139
PROD10042,493,325
PROD10043,101,60
PROD10044,497,371
PROD10045,60,43
PROD10046,429,269
PROD10047,108,79
PROD10048,404,248
PROD10049,206,149
PROD10050,163,105
PROD10051,271,198
PROD10052,228,153
PROD10053,139,87
PROD10054,115,77
PROD10055,111,76
PROD10056,78,52
PROD10057,76,48
PROD10058,427,272
PROD10059,427,285
PROD10060,399,289
PROD10061,453,275
PROD10062,250,183
PROD10063,364,258
PROD10064,203,135
PROD10065,198,146
PROD10066,339,219
PROD10067,328,203
PROD10068,171,112
PROD10069,487,311
PROD10070,219,159
PROD10071,379,232
PROD10072,362,231
PROD10073,205,141
PROD10074,275,187
PROD10075,355,240
PROD10076,183,121
PROD10077,214,145
PROD10078,258,156
PROD10079,438,272
PROD10080,94,61
PROD10081,65,46
PROD10082,496,343
PROD10083,94,66
PROD10084,107,70
PROD10085,257,163
PROD10086,286,172
PROD10087,192,122
PROD10088,64,47
PROD10089,431,288
PROD10090,190,115
PROD10091,89,57
PROD10092,55,38
PROD10093,393,286
PROD10094,172,117
PROD10095,353,245
PROD10096,428,306
PROD10097,263,168
PROD10098,69,43
PROD10099,56,41
PROD10100,286,178
PROD10101,300,190
PROD10102,467,296
PROD10103,77,57
PROD10104,121,83
PROD10105,356,233
PROD10106,391,292
PROD10107,121,85
PROD10108,206,146
PROD10109,478,293
PROD10110,235,146
PROD10111,90,67
PROD10112,333,200
PROD10113,151,108
PROD10114,228,152
PROD10115,123,74
PROD10116,66,44
PROD10117,71,44
PROD10118,292,202
PROD10119,242,156
PROD10120,418,256
PROD10121,256,171
PROD10122,135,98
PROD10123,487,347
PROD10124,126,87
PROD10125,101,67
PROD10126,478,292
PROD10127,218,145
PROD10128,466,303
PROD10129,91,57
PROD10130,311,215
PROD10131,116,81
PROD10132,485,325
PROD10133,226,155
PROD10134,225,143
PROD10135,349,216
PROD10136,212,143
PROD10137,460,306
PROD10138,451,272
PROD10139,54,34
PROD10140,242,176
PROD10141,394,260
PROD10142,61,44
PROD10143,490,327
PROD10144,80,51
PROD10145,201,126
PROD10146,193,121
PROD10147,458,296
PROD10148,351,230
PROD10149,375,229
PROD10150,284,177
PROD10151,491,317
PROD10152,294,181
PROD10153,239,176
PROD10154,375,264
PROD10155,363,249
PROD10156,291,196
PROD10157,127,94
PROD10158,237,169
PROD10159,246,169
PROD10160,471,301
PROD10161,243,174
PROD10162,383,277
PROD10163,170,118
PROD10164,175,124
PROD10165,324,197
PROD10166,336,222
PROD10167,305,209
PROD10168,377,251
PROD10169,148,97
PROD10170,342,251
PROD10171,164,111
PROD10172,359,264
PROD10173,367,246
PROD10174,481,360
PROD10175,340,205
PROD10176,121,87
PROD10177,789,493
PROD10178,388,264
PROD10179,612,373
PROD10180,277,171
PROD10181,512,327
PROD10182,598,447
PROD10183,388,277
PROD10184,492,320
PROD10185,651,432
PROD10186,419,296
PROD10187,173,127
PROD10188,253,177
PROD10189,791,589
PROD10190,116,79
PROD10191,619,432
PROD10192,723,512
PROD10193,113,72
PROD10194,189,123
PROD10195,404,256
PROD10196,293,216
PROD10197,442,301
PROD10198,574,400
PROD10199,197,135
PROD10200,441,284
PROD10201,296,202
PROD10202,125,75
PROD10203,395,279
PROD10204,575,403
PROD10205,290,197
PROD10206,465,292
PROD10207,211,140
PROD10208,722,477
PROD10209,368,223
PROD10210,607,401
PROD10211,443,272
PROD10212,314,206
PROD10213,185,132
PROD10214,285,211
PROD10215,336,236
PROD10216,678,420
PROD10217,790,474
PROD10218,212,158
PROD10219,259,166
PROD10220,713,531
PROD10221,665,462
PROD10222,248,180
PROD10223,322,222
PROD10224,762,509
PROD10225,197,121
PROD10226,248,153
PROD10227,172,114
PROD10228,659,455
PROD10229,709,452
PROD10230,437,317
PROD10231,110,74
PROD10232,694,505
PROD10233,149,104
PROD10234,289,173
PROD10235,153,111
PROD10236,684,430
PROD10237,776,491
PROD10238,793,547
PROD10239,468,347
PROD10240,691,433
PROD10241,632,448
PROD10242,780,518
PROD10243,290,207
PROD10244,799,583
PROD10245,145,103
PROD10246,657,434
PROD10247,239,157
PROD10248,255,171
PROD10249,550,363
PROD10250,600,380
PROD10251,103,75
PROD10252,415,263
PROD10253,358,240
PROD10254,302,218
PROD10255,237,156
PROD10256,195,143
PROD10257,221,133
PROD10258,703,478
PROD10259,538,375
PROD10260,363,263
PROD10261,699,516
PROD10262,129,90
PROD10263,770,492
PROD10264,685,495
PROD10265,206,153
PROD10266,647,395
PROD10267,227,136
PROD10268,267,163
PROD10269,348,235
PROD10270,277,198
PROD10271,325,209
PROD10272,632,418
PROD10273,731,499
PROD10274,645,451
PROD10275,698,509
PROD10276,629,439
PROD10277,537,369
PROD10278,213,139
PROD10279,100,68
PROD10280,475,329
PROD10281,619,453
PROD10282,768,563
PROD10283,311,217
PROD10284,541,355
PROD10285,426,305
PROD10286,336,237
PROD10287,743,490
PROD10288,161,118
PROD10289,417,288
PROD10290,207,132
PROD10291,260,193
PROD10292,569,388
PROD10293,119,76
PROD10294,477,320
PROD10295,209,131
PROD10296,303,226
PROD10297,348,208
PROD10298,263,187
PROD10299,360,228
PROD10300,473,328
PROD10301,475,342
PROD10302,763,518
PROD10303,417,251
PROD10304,446,304
PROD10305,414,265
PROD10306,428,319
PROD10307,765,539
PROD10308,787,526
PROD10309,677,441
PROD10310,188,114
PROD10311,446,298
PROD10312,742,532
PROD10313,540,326
PROD10314,175,125
PROD10315,652,467
PROD10316,293,196
PROD10317,376,280
PROD10318,171,114
PROD10319,215,161
PROD10320,455,330
PROD10321,430,295
PROD10322,649,393
PROD10323,684,475
PROD10324,516,323
PROD10325,544,391
PROD10326,769,544
PROD10327,445,317
PROD10328,139,101
PROD10329,173,115
PROD10330,794,560
PROD10331,333,216
PROD10332,788,539
PROD10333,449,286
PROD10334,161,102
PROD10335,139,84
PROD10336,335,233
PROD10337,653,398
PROD10338,146,92
PROD10339,113,84
PROD10340,173,119
PROD10341,263,185
PROD10342,638,474
PROD10343,119,82
PROD10344,771,472
PROD10345,193,142
PROD10346,279,194
PROD10347,262,194
PROD10348,320,226
PROD10349,684,477
PROD10350,637,420
PROD10351,459,332
PROD10352,797,581
PROD10353,735,509
PROD10354,527,378
PROD10355,445,286
PROD10356,635,470
PROD10357,199,143
PROD10358,553,357
PROD10359,261,170
PROD10360,411,274
PROD10361,620,425
PROD10362,334,243
PROD10363,305,202
PROD10364,218,140
PROD10365,760,563
PROD10366,167,118
PROD10367,176,130
PROD10368,173,124
PROD10369,732,454
PROD10370,619,404
PROD10371,232,148
PROD10372,515,329
PROD10373,87,62
PROD10374,302,183
PROD10375,463,289
PROD10376,202,134
PROD10377,198,126
PROD10378,262,185
PROD10379,447,301
PROD10380,320,216
PROD10381,539,358
PROD10382,483,346
PROD10383,315,210
PROD10384,200,149
PROD10385,233,158
PROD10386,409,262
PROD10387,253,166
PROD10388,424,314
PROD10389,300,206
PROD10390,231,154
PROD10391,365,230
PROD10392,491,332
PROD10393,159,99
PROD10394,314,234
PROD10395,569,398
PROD10396,291,213
PROD10397,112,80
PROD10398,413,289
PROD10399,428,310
PROD10400,537,348
PROD10401,507,308
PROD10402,447,269
PROD10403,598,379
PROD10404,241,158
PROD10405,541,398
PROD10406,496,342
PROD10407,177,126
PROD10408,412,267
PROD10409,131,93
PROD10410,397,273
PROD10411,440,286
PROD10412,285,171
PROD10413,153,107
PROD10414,331,205
PROD10415,217,146
PROD10416,490,337
PROD10417,455,334
PROD10418,274,167
PROD10419,209,129
PROD10420,576,391
PROD10421,517,311
PROD10422,541,400
PROD10423,500,349
PROD10424,361,250
PROD10425,587,383
PROD10426,277,173
PROD10427,532,379
PROD10428,252,158
PROD10429,114,82
PROD10430,554,361
PROD10431,133,84
PROD10432,239,175
PROD10433,229,141
PROD10434,221,155
PROD10435,85,55
PROD10436,400,259
PROD10437,217,146
PROD10438,346,227
PROD10439,590,428
PROD10440,453,311
PROD10441,319,197
PROD10442,469,320
PROD10443,146,98
PROD10444,506,327
PROD10445,245,147
PROD10446,365,257
PROD10447,312,228
PROD10448,171,112
PROD10449,158,114
PROD10450,348,251
PROD10451,148,91
PROD10452,355,246
PROD10453,444,272
PROD10454,233,165
PROD10455,255,170
PROD10456,299,206
PROD10457,290,194
PROD10458,167,104
PROD10459,327,230
PROD10460,579,365
PROD10461,237,143
PROD10462,446,333
PROD10463,473,298
PROD10464,467,310
PROD10465,405,294
PROD10466,291,191
PROD10467,537,349
PROD10468,593,414
PROD10469,388,256
PROD10470,241,154
PROD10471,522,348
PROD10472,232,141
PROD10473,267,163
PROD10474,333,232
PROD10475,367,264
PROD10476,347,241
PROD10477,501,326
PROD10478,353,213
PROD10479,487,331
PROD10480,471,320
PROD10481,439,307
PROD10482,295,191
PROD10483,347,226
PROD10484,218,146
PROD10485,400,274
PROD10486,378,234
PROD10487,449,303
PROD10488,119,85
PROD10489,150,99
PROD10490,396,276
PROD10491,504,333
PROD10492,265,168
PROD10493,528,359
PROD10494,406,293
PROD10495,549,391
PROD10496,164,105
PROD10497,368,244
PROD10498,365,264
PROD10499,204,135
PROD10500,192,120
PROD10501,594,415
PROD10502,204,124
PROD10503,566,377
PROD10504,408,252
PROD10505,541,387
PROD10506,335,208
PROD10507,134,84
PROD10508,82,58
PROD10509,200,145
PROD10510,291,200
PROD10511,356,237
PROD10512,245,162
PROD10513,526,332
PROD10514,184,136
PROD10515,215,140
PROD10516,149,90
PROD10517,535,328
PROD10518,341,248
PROD10519,413,264
PROD10520,411,297
PROD10521,110,82
PROD10522,428,282
PROD10523,355,264
PROD10524,453,320
PROD10525,536,339
PROD10526,584,435
PROD10527,232,167
PROD10528,120,89
PROD10529,571,373
PROD10530,254,164
PROD10531,431,261
PROD10532,219,146
PROD10533,579,433
PROD10534,598,389
PROD10535,153,103
PROD10536,409,260
PROD10537,239,170
PROD10538,170,111
PROD10539,585,383
PROD10540,131,90
PROD10541,210,141
PROD10542,599,376
PROD10543,556,391
PROD10544,514,332
PROD10545,206,149
PROD10546,134,98
PROD10547,240,167
PROD10548,7243,4640
PROD10549,4073,2549
PROD10550,3587,2395
PROD10551,3092,2228
PROD10552,1512,1110
PROD10553,1283,920
PROD10554,1241,789
PROD10555,7245,4723
PROD10556,5545,3355
PROD10557,1998,1396
PROD10558,3165,1908
PROD10559,3164,2057
PROD10560,1636,1114
PROD10561,722,508
PROD10562,1436,946
PROD10563,4277,2640
PROD10564,2890,1874
PROD10565,5549,3907
PROD10566,6267,4252
PROD10567,4939,3521
PROD10568,2426,1760
PROD10569,6707,4279
PROD10570,1069,727
PROD10571,4944,3011
PROD10572,2904,2075
PROD10573,3023,2036
PROD10574,7407,5326
PROD10575,3689,2358
PROD10576,6459,4831
PROD10577,3424,2242
PROD10578,3976,2525
PROD10579,548,349
PROD10580,4668,3176
PROD10581,2660,1816
PROD10582,5676,4244
PROD10583,7523,5065
PROD10584,6952,4398
PROD10585,7723,5050
PROD10586,2830,1797
PROD10587,2740,2016
PROD10588,795,560
PROD10589,3240,2379
PROD10590,6432,4185
PROD10591,5531,4114
PROD10592,6865,5121
PROD10593,3145,2195
PROD10594,2779,1957
PROD10595,567,362
PROD10596,5655,4041
PROD10597,5219,3346
PROD10598,5094,3116
PROD10599,6568,4429
PROD10600,4818,3422
PROD10601,6800,4839
PROD10602,3071,2299
PROD10603,6548,3934
PROD10604,1641,1090
PROD10605,5079,3801
PROD10606,1023,766
PROD10607,7907,4804
PROD10608,6940,5159
PROD10609,668,493
PROD10610,3905,2791
PROD10611,3241,2363
PROD10612,537,351
PROD10613,3138,2181
PROD10614,5942,3895
PROD10615,2524,1790
PROD10616,5400,3618
PROD10617,2213,1490
PROD10618,3273,2082
PROD10619,5725,3671
PROD10620,954,651
PROD10621,4364,3034
PROD10622,5269,3476
PROD10623,4566,3161
PROD10624,649,426
PROD10625,4508,2756
PROD10626,4301,3223
PROD10627,4190,2924
PROD10628,2918,2125
PROD10629,3191,2291
PROD10630,5280,3472
PROD10631,1821,1209
PROD10632,1656,1081
PROD10633,2098,1399
PROD10634,2217,1438
PROD10635,7425,5326
PROD10636,2024,1473
PROD10637,7455,4619
PROD10638,4353,3115
PROD10639,5509,3714
PROD10640,3365,2252
PROD10641,1558,975
PROD10642,5929,4432
PROD10643,3261,2023
PROD10644,3708,2278
PROD10645,2603,1740
PROD10646,554,341
PROD10647,2336,1662
PROD10648,6724,4688
PROD10649,6004,4294
PROD10650,5938,3944
PROD10651,7755,4781
PROD10652,6305,4052
PROD10653,5446,3543
PROD10654,5971,4184
PROD10655,1468,916
PROD10656,3116,2259
PROD10657,7190,5247
PROD10658,5309,3504
PROD10659,2968,2059
PROD10660,2354,1701
PROD10661,4455,3288
PROD10662,6028,3770
PROD10663,1279,931
PROD10664,2752,1836
PROD10665,3151,1977
PROD10666,6906,4965
PROD10667,6920,4793
PROD10668,5908,4189
PROD10669,6637,4900
PROD10670,5527,3421
PROD10671,944,607
PROD10672,4814,2896
PROD10673,850,535
PROD10674,1174,740
PROD10675,802,512
PROD10676,708,491
PROD10677,1207,904
PROD10678,1809,1340
PROD10679,2427,1505
PROD10680,1755,1295
PROD10681,1226,774
PROD10682,1210,887
PROD10683,1113,794
PROD10684,2694,1884
PROD10685,1649,1093
PROD10686,1835,1286
PROD10687,601,401
PROD10688,1143,820
PROD10689,768,485
PROD10690,1160,743
PROD10691,802,531
PROD10692,1423,1023
PROD10693,2996,1885
PROD10694,1076,703
PROD10695,2736,1685
PROD10696,1004,624
PROD10697,2784,1817
PROD10698,2153,1447
PROD10699,2848,2109
PROD10700,1966,1366
PROD10701,1715,1229
PROD10702,2102,1433
PROD10703,1143,773
PROD10704,2194,1511
PROD10705,815,543
PROD10706,2033,1469
PROD10707,2454,1481
PROD10708,2790,1819
PROD10709,1626,1058
PROD10710,1373,1025
PROD10711,698,422
PROD10712,2010,1330
PROD10713,710,509
PROD10714,1310,803
PROD10715,1669,1236
PROD10716,1482,920
PROD10717,509,367
PROD10718,728,483
PROD10719,804,567
PROD10720,2941,2184
PROD10721,1950,1306
PROD10722,872,555
PROD10723,1238,811
PROD10724,1103,736
PROD10725,2577,1819
PROD10726,622,411
PROD10727,1854,1335
PROD10728,2097,1546
PROD10729,907,639
PROD10730,1804,1108
PROD10731,2331,1616
PROD10732,864,639
PROD10733,533,395
PROD10734,1809,1107
PROD10735,2347,1698
PROD10736,1126,685
PROD10737,2780,1961
PROD10738,2994,1878
PROD10739,1635,1091
PROD10740,2890,1947
PROD10741,1780,1284
PROD10742,558,338
PROD10743,2073,1497
PROD10744,737,522
PROD10745,2579,1753
PROD10746,525,390
PROD10747,2112,1411
PROD10748,1660,1149
PROD10749,2815,2048
PROD10750,2590,1722
PROD10751,551,391
PROD10752,1854,1301
PROD10753,1771,1094
PROD10754,898,584
PROD10755,2324,1732
PROD10756,1344,894
PROD10757,976,589
PROD10758,1771,1189
PROD10759,2992,2009
PROD10760,2292,1624
PROD10761,1694,1096
PROD10762,492,346
PROD10763,2767,1859
PROD10764,1211,832
PROD10765,2282,1478
PROD10766,1683,1035
PROD10767,411,272
PROD10768,2615,1742
PROD10769,2333,1471
PROD10770,845,608
PROD10771,602,421
PROD10772,1905,1173
PROD10773,2341,1433
PROD10774,1628,1007
PROD10775,2774,1891
PROD10776,2594,1566
PROD10777,2141,1428
PROD10778,2722,1701
PROD10779,1689,1258
PROD10780,911,566
PROD10781,1577,1007
PROD10782,1897,1156
PROD10783,2745,1835
PROD10784,2099,1438
PROD10785,1978,1426
PROD10786,1552,1000
PROD10787,1335,918
PROD10788,2660,1624
PROD10789,1166,766
PROD10790,578,397
PROD10791,2111,1486
PROD10792,2670,1999
PROD10793,1538,1078
PROD10794,1077,791
PROD10795,1981,1203
PROD10796,922,655
PROD10797,762,464
PROD10798,591,422
PROD10799,1457,936
PROD10800,2607,1703
PROD10801,2887,2083
PROD10802,2524,1843
PROD10803,3000,2160
PROD10804,571,393
PROD10805,2951,1928
PROD10806,2928,2093
PROD10807,2659,1927
PROD10808,1409,1016
PROD10809,1136,833
PROD10810,1743,1201
PROD10811,2321,1519
PROD10812,853,614
PROD10813,845,626
PROD10814,2134,1345
PROD10815,1029,691
PROD10816,449,336
PROD10817,2709,2028
PROD10818,1737,1127
PROD10819,2353,1595
PROD10820,2116,1493
PROD10821,1748,1226
PROD10822,2856,1868
PROD10823,1516,1124
PROD10824,2923,2045
PROD10825,1894,1174
PROD10826,1503,967
PROD10827,1635,1039
PROD10828,1927,1285
PROD10829,1876,1234
PROD10830,1598,1185
PROD10831,1355,949
PROD10832,2698,1859
PROD10833,969,705
PROD10834,1441,893
PROD10835,2726,1980
PROD10836,561,407
PROD10837,1316,980
PROD10838,2738,1795
PROD10839,1800,1254
PROD10840,456,325
PROD10841,1332,874
PROD10842,2975,2188
PROD10843,2962,1796
PROD10844,2043,1524
PROD10845,2943,2134
PROD10846,2058,1477
PROD10847,505,368
PROD10848,549,356
PROD10849,1402,969
PROD10850,1544,927
PROD10851,545,339
PROD10852,2726,1679
PROD10853,1697,1105
PROD10854,2522,1715
PROD10855,1229,804
PROD10856,1194,751
PROD10857,2807,1922
PROD10858,2720,1763
PROD10859,2496,1555
PROD10860,2561,1574
PROD10861,2882,1763
PROD10862,1403,1017
PROD10863,915,679
PROD10864,1452,940
PROD10865,627,381
PROD10866,1674,1152
PROD10867,1393,864
PROD10868,1741,1124
PROD10869,2171,1579
PROD10870,2202,1456
PROD10871,2541,1776
PROD10872,1427,1023
PROD10873,1585,952
PROD10874,415,264
PROD10875,286,205
PROD10876,42,31
PROD10877,226,155
PROD10878,228,140
PROD10879,258,191
PROD10880,136,92
PROD10881,295,208
PROD10882,224,150
PROD10883,91,58
PROD10884,79,56
PROD10885,164,109
PROD10886,76,48
PROD10887,204,140
PROD10888,240,149
PROD10889,259,181
PROD10890,73,47
PROD10891,259,188
PROD10892,197,130
PROD10893,192,139
PROD10894,136,100
PROD10895,205,124
PROD10896,56,37
PROD10897,162,116
PROD10898,139,100
PROD10899,127,95
PROD10900,197,141
PROD10901,49,33
PROD10902,140,88
PROD10903,144,101
PROD10904,205,129
PROD10905,41,25
PROD10906,260,183
PROD10907,168,121
PROD10908,99,67
PROD10909,267,184
PROD10910,277,179
PROD10911,39,27
PROD10912,155,112
PROD10913,177,130
PROD10914,269,163
PROD10915,148,100
PROD10916,200,132
PROD10917,229,170
PROD10918,61,44
PROD10919,279,184
PROD10920,296,193
PROD10921,157,104
PROD10922,217,160
PROD10923,66,43
PROD10924,230,156
PROD10925,200,123
PROD10926,92,64
PROD10927,140,98
PROD10928,247,178
PROD10929,293,209
PROD10930,72,50
PROD10931,84,54
PROD10932,171,120
PROD10933,247,168
PROD10934,64,45
PROD10935,80,50
PROD10936,186,121
PROD10937,106,66
PROD10938,76,55
PROD10939,299,220
PROD10940,297,205
PROD10941,34,22
PROD10942,94,59
PROD10943,86,54
PROD10944,265,183
PROD10945,257,184
PROD10946,223,147
PROD10947,254,180
PROD10948,118,84
PROD10949,82,60
PROD10950,87,60
PROD10951,245,160
PROD10952,298,218
PROD10953,144,98
PROD10954,223,153
PROD10955,170,126
PROD10956,263,189
PROD10957,210,142
PROD10958,43,27
PROD10959,232,139
PROD10960,122,90
PROD10961,293,180
PROD10962,62,41
PROD10963,100,64
PROD10964,99,68
PROD10965,188,125
PROD10966,103,67
PROD10967,59,39
PROD10968,111,75
PROD10969,199,140
PROD10970,51,36
PROD10971,202,122
PROD10972,149,93
PROD10973,149,96
PROD10974,125,79
PROD10975,85,54
PROD10976,105,76
PROD10977,129,92
PROD10978,50,35
PROD10979,118,75
PROD10980,140,92
PROD10981,95,59
PROD10982,135,82
PROD10983,227,144
PROD10984,98,59
PROD10985,142,97
PROD10986,235,153
PROD10987,268,186
PROD10988,148,89
PROD10989,94,59
PROD10990,218,158
PROD10991,100,67
PROD10992,276,167
PROD10993,40,27
PROD10994,286,197
PROD10995,226,140
PROD10996,83,60
PROD10997,238,168
PROD10998,118,81
PROD10999,139,93
PROD11000,123,90
PROD11001,150,102
PROD11002,120,75
PROD11003,261,182
PROD11004,81,52
PROD11005,116,75
PROD11006,183,111
PROD11007,141,93
PROD11008,289,213
PROD11009,74,51
PROD11010,177,116
PROD11011,235,149
PROD11012,162,118
PROD11013,176,126
PROD11014,138,86
PROD11015,245,164
PROD11016,231,154
PROD11017,282,184
PROD11018,156,107
PROD11019,94,67
PROD11020,137,96
PROD11021,145,106
PROD11022,153,102
PROD11023,227,167
PROD11024,100,67
PROD11025,20,14
PROD11026,156,108
PROD11027,134,91
PROD11028,293,187
PROD11029,171,106
PROD11030,194,126
PROD11031,90,59
PROD11032,177,108
PROD11033,298,220
PROD11034,282,202
PROD11035,182,129
PROD11036,196,131
PROD11037,90,64
PROD11038,258,172
PROD11039,145,93
PROD11040,132,84
PROD11041,228,150
PROD11042,170,110
PROD11043,98,62
PROD11044,38,27
PROD11045,177,107
PROD11046,208,134
PROD11047,140,84
PROD11048,190,120
PROD11049,232,167
PROD11050,247,169
PROD11051,65,39
PROD11052,283,200
PROD11053,96,68
PROD11054,20,13
PROD11055,234,167
PROD11056,94,60
PROD11057,269,171
PROD11058,27,18
PROD11059,132,94
